Pope Number,Papal Name,Birthday,Birthday2,Conclave Start,Elected Date,Elected Date2,Age at Election,Installed Date,Age at Installation,End of Reign Date,End of Reign Age,Elected Length,Installed Length,Actual Name,Length,Century,Birth Place,Country,Latitude,Longitude
1,Peter,1 BC,1 BC,,39,39 AD,38,,,64,63,25,,St. Peter , ( 39 Elected - 64 Died),1, Bethsaida                       , Israel            ,31.046051,34.851612
2,Linus,10 AD,10 AD,,68,68 AD,58,,,79,69,11,,St. Linus , ( 68 Elected - 79 Died),1, Rome                            , Italy             ,41.8967068,12.4822025
3,Cletus,25 AD,25 AD,,80,80 AD,55,,,92,67,12,,St. Cletus (Anacletus) , ( 80 Elected - 92 Died),1,Rome,Italy,41.8967068,12.4822025
4,Clement I,35 AD,35 AD,,92,92 AD,57,,,99,64,7,,St. Clement , ( 92 Elected - 99 Died),1, Rome                            , Italy             ,41.8967068,12.4822025
5,Evaristus,unknown,unknown,,99,99 AD,,,,108,,9,,St. Evaristus , ( 99 Elected - 108 Died),1, Bethlehem                       , Israel            ,31.7053821,35.2024425
6,Alexander I,unknown,unknown,,108,108 AD,,,,116,,8,,St. Alexander , ( 108 Elected - 116 Died),1, Rome                            , Italy             ,41.8967068,12.4822025
7,Sixtus I,unknown,unknown,,117,117 AD,,,,126,,9,,St. Sixtus , ( 117 Elected - 126 Died),2, Rome                            , Italy             ,41.8967068,12.4822025
8,Telesphorus,unknown,unknown,,127,127 AD,,,,137,,10,,St. Telesphorus , ( 127 Elected - 137 Died),2,"Terranova da Sibari, Calabria",Italy,39.6574406,16.3385751
9,Hyginus,unknown,unknown,,138,138 AD,,,,142,,4,,St. Hyginus , ( 138 Elected - 142 Died),2,"Athens, Greece", Greece            ,37.9838096,23.7275388
10,Pius I,unknown,unknown,,142,142 AD,,,,157,,15,,St. Pius , ( 142 Elected - 157 Died),2," Aquileia, Friuli                ", Italy             ,45.767329,13.3695598
11,Anicletus I,unknown,unknown,,150,150 AD,,,,153,,3,,St. Anicetus , ( 150 Elected - 153 Died),2, Emesa                           , Syria             ,34.7325256,36.713452
12,Soter,unknown,unknown,,162,162 AD,,,,170,,8,,St. Soter , ( 162 Elected - 170 Died),2," Fondi, Lazio                    ", Italy             ,41.3557514,13.4292739
13,Eleutherius,unknown,unknown,,171,171 AD,,,,185,,14,,St. Eleutherius , ( 171 Elected - 185 Died),2, Nicopolis                       , Greece            ,39.0263649,20.7336358
14,Victor I,unknown,unknown,,186,186 AD,,,,197,,11,,St. Victor , ( 186 Elected - 197 Died),2, Africa Proconsularis            , Tunisia           ,33.886917,9.537499
15,Zephyrinus,unknown,unknown,,198,198 AD,,,,217,,19,,St. Zephyrinus , ( 198 Elected - 217 Died),2, Rome                            , Italy             ,41.8967068,12.4822025
16,Callistus,unknown,unknown,,218,218 AD,,,,222,,4,,St. Callixtus , ( 218 Elected - 222 Died),2, Rome                            , Italy             ,41.8967068,12.4822025
17,Urban I,unknown,unknown,,222,222 AD,,,,230,,8,,St. Urban , ( 222 Elected - 230 Died),3, Rome                            , Italy             ,41.8967068,12.4822025
18,Pontian,unknown,unknown,,21 Jul 230,22 Jul 230,,,,Oct 235,,5.1,,St. Pontian , (21 Jul 230 Elected - 28 Sep 235 Resigned),3, Rome                            , Italy             ,41.8967068,12.4822025
19,Anterus,unknown,unknown,,21 Nov 235,22 Nov 235,,,,3 Jan 236,,0.1,,St. Anterus , (21 Nov 235 Elected - 3 Jan 236 Died),3,Petilla Policastro, Greece            ,40.9971976,22.5703984
20,Fabian,unknown,unknown,,236,236 AD,,,,20 Jan 250,,14,,St. Fabian , ( 236 Elected - 20 Jan 250 Died),3, Rome                            , Italy             ,41.8967068,12.4822025
21,Cornelius,unknown,unknown,,6 Mar 251,6 Mar 251,,,,Jun 253,,2.2,,St. Cornelius , (6 Mar 251 Elected - Jun 253 Died),3, Rome                            , Italy             ,41.8967068,12.4822025
22,Lucius I,unknown,unknown,,Jun 253,Jun 253,,,,5 Mar 254,,0.7,,St. Lucius , (Jun 253 Elected - 5 Mar 254 Died),3, Rome                            , Italy             ,41.8967068,12.4822025
23,Stephen I,unknown,unknown,,12 Mar 254,12 Mar 254,,,,2 Aug 257,,3.3,,St. Stephen , (12 Mar 254 Elected - 2 Aug 257 Died),3, Rome                            , Italy             ,41.8967068,12.4822025
24,Sixtus II,unknown,unknown,,31 Aug 257,31 Aug 257,,,,6 Aug 258,,0.9,,St. Sixtus , (31 Aug 257 Elected - 6 Aug 258 Died),3, Greece                          , Greece            ,39.074208,21.824312
25,Dionysius,unknown,unknown,,22 Jul 259,22 Jul 259,,,,26 Dec 268,,9.4,,St. Dionysius , (22 Jul 259 Elected - 26 Dec 268 Died),3,Magna Graecia,Italy,40.464402,17.26715
26,Felix I,unknown,unknown,,5 Jan 269,5 Jan 269,,,,30 Dec 274,,5.9,,St. Felix , (5 Jan 269 Elected - 30 Dec 274 Died),3, Rome                            , Italy             ,41.8967068,12.4822025
27,Eutychian,unknown,unknown,,4 Jan 275,4 Jan 275,,,,7 Dec 283,,8.9,,St. Eutychian , (4 Jan 275 Elected - 7 Dec 283 Died),3," Luni, Liguria                   ", Italy             ,44.0600207,10.0059034
28,Gaius,unknown,unknown,,17 Dec 283,17 Dec 283,,,,22 Apr 296,,12.3,,St. Caius , (17 Dec 283 Elected - 22 Apr 296 Died),3, Salona                          , Croatia           ,43.5422549,16.4919632
29,Marcellinus,unknown,unknown,,30 Jun 296,30 Jun 296,,,,25 Oct 304,,8.3,,St. Marcellinus , (30 Jun 296 Elected - 25 Oct 304 Died),3, Rome                            , Italy             ,41.8967068,12.4822025
30,Marcellus I,6 Jan 255,6 Jan 255,,27 May 308,27 May 308,53.3,,,16 Jan 309,54,0.6,,St. Marcellus , (27 May 308 Elected - 16 Jan 309 Died),3, Greece                          , Greece            ,39.074208,21.824312
31,Eusebius,unknown,unknown,,18 Apr 310,18 Apr 310,,,,17 Aug 310,,0.3,,St. Eusebius , (18 Apr 310 Elected - 17 Aug 310 Died),4,Rome ,Italy,41.8967068,12.4822025
32,Miltiades,unknown,unknown,,2 Jul 311,2 Jul 311,,,,10 Jan 314,,2.5,,St. Miltiades , (2 Jul 311 Elected - 10 Jan 314 Died),4,Africa Proconsularis,Algeria,28.033886,1.659626
33,Sylvester I,unknown,unknown,,31 Jan 314,31 Jan 314,,,,31 Dec 335,,21.9,,St. Sylvester , (31 Jan 314 Elected - 31 Dec 335 Died),4,Sant'Angelo a Scala, Italy             ,40.9746293,14.7401411
34,Mark,unknown,unknown,,18 Jan 336,18 Jan 336,,,,7 Oct 336,,0.7,,St. Mark , (18 Jan 336 Elected - 7 Oct 336 Died),4,Rome,Italy,41.8967068,12.4822025
35,Julius I,unknown,unknown,,6 Feb 337,6 Feb 337,,,,12 Apr 352,,15.1,,St. Julius , (6 Feb 337 Elected - 12 Apr 352 Died),4, Rome                            , Italy             ,41.8967068,12.4822025
36,Liberius,unknown,unknown,,17 May 352,17 May 352,,22 May 352,,24 Sep 366,,14.3,14.3,Liberius , (17 May 352 Elected - 24 Sep 366 Died),4, Rome                            , Italy             ,41.8967068,12.4822025
37,Damasus I,305 AD,305 AD,,1 Oct 366,1 Oct 366,61.7,,,11 Dec 384,79.9,18.1,,St. Damasus , (1 Oct 366 Elected - 11 Dec 384 Died),4,Egitania ,Portugal,40.0014856,-7.1520926
38,Siricius,334 AD,334 AD,,22 Dec 384,22 Dec 384,50.9,,,26 Nov 399,65.9,14.9,,St. Siricius , (22 Dec 384 Elected - 26 Nov 399 Died),4,Rome, Italy             ,41.8967068,12.4822025
39,Anastasius I,unknown,unknown,,27 Nov 399,27 Nov 399,,,,19 Dec 401,,2,,St. Anastasius , (27 Nov 399 Elected - 19 Dec 401 Died),4, Rome                            , Italy             ,41.8967068,12.4822025
40,Innocent I,unknown,unknown,,22 Dec 401,22 Dec 401,,,,12 Mar 417,,15.2,,St. Innocent , (22 Dec 401 Elected - 12 Mar 417 Died),5,Albano, Italy             ,41.728754,12.6586229
41,Zosimus,unknown,unknown,,18 Mar 417,18 Mar 417,,,,26 Dec 418,,1.7,,St. Zosimus , (18 Mar 417 Elected - 26 Dec 418 Died),5,Mesoraca, Italy             ,39.0814588,16.7864779
42,Boniface I,unknown,unknown,,28 Dec 418,28 Dec 418,,29 Dec 418,,4 Sep 422,,3.6,3.6,St. Boniface , (28 Dec 418 Elected - 4 Sep 422 Died),5,Rome, Italy             ,41.8967068,12.4822025
43,Celestine I,unknown,unknown,,10 Sep 422,10 Sep 422,,,,27 Jul 432,,9.8,,St. Celestine , (10 Sep 422 Elected - 27 Jul 432 Died),5,Rome, Italy             ,41.8967068,12.4822025
44,Sixtus III,390 AD,390 AD,,31 Jul 432,31 Jul 432,42.5,,,19 Aug 440,50.6,8,,St. Sixtus , (31 Jul 432 Elected - 19 Aug 440 Died),5,Rome, Italy             ,41.8967068,12.4822025
45,Leo I,unknown,unknown,,29 Sep 440,29 Sep 440,,29 Sep 440,,10 Nov 461,,21.1,21.1,St. Leone (the Great) , (29 Sep 440 Elected - 10 Nov 461 Died),5,Tuscany, Italy             ,43.5671153,10.9807003
46,Hilarus,unknown,unknown,,19 Nov 461,19 Nov 461,,19 Nov 461,,29 Feb 468,,6.2,6.2,St. Ilaro , (19 Nov 461 Elected - 29 Feb 468 Died),5,Sardinia , Italy             ,40.1208752,9.0128926
47,Simplicius,unknown,unknown,,3 Mar 468,3 Mar 468,,3 Mar 468,,10 Mar 483,,15,15,St. Simplicio , (3 Mar 468 Elected - 10 Mar 483 Died),5,Tivoli, Italy             ,41.9597095,12.8021341
48,Felix III,unknown,unknown,,13 Mar 483,13 Mar 483,,13 Mar 483,,25 Feb 492,,8.9,8.9,St. Felice , (13 Mar 483 Elected - 25 Feb 492 Died),5,Rome, Italy             ,41.8967068,12.4822025
49,Gelasius I,unknown,unknown,,1 Mar 492,1 Mar 492,,1 Mar 492,,19 Nov 496,,4.7,4.7,St. Gelasius , (1 Mar 492 Elected - 19 Nov 496 Died),5,Mons  Ferratus,Algeria,28.033886,1.659626
50,Anastasius II,unknown,unknown,,24 Nov 496,24 Nov 496,,24 Nov 496,,19 Nov 498,,1.9,1.9,Anastasio , (24 Nov 496 Elected - 19 Nov 498 Died),5,Rome , Italy             ,41.8967068,12.4822025
51,Symmachus,unknown,unknown,,22 Nov 498,22 Nov 498,,22 Nov 498,,19 Jul 514,,15.6,15.6,St. Simmaco , (22 Nov 498 Elected - 19 Jul 514 Died),5,Sardinia , Italy             ,40.1208752,9.0128926
52,Hormisdas,unknown,unknown,,20 Jul 514,20 Jul 514,,20 Jul 514,,6 Aug 523,,9,9,St. Ormisda , (20 Jul 514 Elected - 6 Aug 523 Died),6,Frusino, Italy             ,41.6394526,13.3426709
53,John I,unknown,unknown,,13 Aug 523,13 Aug 523,,13 Aug 523,,18 May 526,,2.7,2.7,St. Giovanni , (13 Aug 523 Elected - 18 May 526 Died),6,Tuscania, Italy             ,42.418541,11.8704427
54,Felix IV,unknown,unknown,,12 Jul 526,12 Jul 526,,12 Jul 526,,22 Sep 530,,4.1,4.1,St. Felice , (12 Jul 526 Elected - 22 Sep 530 Died),6,Samnium, Italy             ,41.87194,12.56738
55,Boniface II,unknown,unknown,,22 Sep 530,22 Sep 530,,22 Sep 530,,17 Oct 532,,2,2,Bonifacio , (22 Sep 530 Elected - 17 Oct 532 Died),6," Frosinone, Lazio                ", Italy             ,41.6394526,13.3426709
56,John II,unknown,unknown,,31 Dec 532,31 Dec 532,,31 Dec 532,,8 May 535,,2.3,2.3,Giovanni , (31 Dec 532 Elected - 8 May 535 Died),6, Rome                            , Italy             ,41.8967068,12.4822025
57,Agapitus I,unknown,unknown,,13 May 535,13 May 535,,,,22 Apr 536,,0.9,,St. Agapetus , (13 May 535 Elected - 22 Apr 536 Died),6, Rome                            , Italy             ,41.8967068,12.4822025
58,Silverius,480 AD,480 AD,,May 536,May 536,56.3,8 Jun 536,56.4,Jun 537,57.4,1,0.9,St. Silverius , (May 536 Elected - 11 Mar 537 Resigned),6,Campania, Italy             ,41.1125078,14.8454619
59,Vigilius,500 AD,500 AD,,Mar 537,Mar 537,37.1,29 Mar 537,37.2,7 Jun 555,55.4,18.2,18.1,Vigilius , (Mar 537 Elected - 7 Jun 555 Died),6, Rome                            , Italy             ,41.8967068,12.4822025
60,Pelagius I,505 AD,505 AD,,556,556 AD,51,16 Apr 556,51.2,3 Mar 561,56.1,5.1,4.8,Pelagio , ( 556 Elected - 3 Mar 561 Died),6, Rome                            , Italy             ,41.8967068,12.4822025
61,John III,520 AD,520 AD,,561,561 AD,41,17 Jul 561,41.5,13 Jul 574,54.5,13.5,12.9,Giovanni Catelin , ( 561 Elected - 13 Jul 574 Died),6, Rome                            , Italy             ,41.8967068,12.4822025
62,Benedict I,525AD,525AD,,575,575 AD,50,2 Jun 575,50.4,30 Jul 579,54.5,4.5,4.1,Benedict , ( 575 Elected - 30 Jul 579 Died),6, Rome                            , Italy             ,41.8967068,12.4822025
63,Pelagius II,520,520 AD,,Aug 579,Aug 580,59.5,26 Nov 579,59.9,7 Feb 590,70,10.5,10.1,Pelagius , (Aug 579 Elected - 7 Feb 590 Died),6, Rome                            , Italy             ,41.8967068,12.4822025
64,Gregory I,unknown,unknown,,Sep 590,Sep 591,,3 Sep 590,,12 Mar 604,,13.5,13.5,St. Gregory (the Great) , (Sep 590 Elected - 12 Mar 604 Died),6,Rome, Italy             ,41.8967068,12.4822025
65,Sabinian,530,530 AD,,604,604 AD,74,13 Sep 604,74.6,22 Feb 606,76.1,2.1,1.4,Sabinianus , ( 604 Elected - 22 Feb 606 Died),7," Blera, Lazio                    ", Italy             ,42.2725426,12.0275778
66,Boniface III,540,540 AD,,607,607 AD,67,19 Feb 607,67.1,12 Nov 607,67.8,0.8,0.7,Bonifacio , ( 607 Elected - 12 Nov 607 Died),7, Naples                          , Italy             ,40.8517746,14.2681244
67,Boniface IV,550,550 AD,,608,608 AD,58,15 Sep 608,58.7,8 May 615,65.3,7.3,6.6,"St. Bonifacio , O.S.B. ", ( 608 Elected - 8 May 615 Died),7,Valeria, Italy             ,44.8294248,8.9417961
68,Adeodatus I,570,570 AD,,615,615 AD,45,13 Nov 615,45.8,8 Nov 618,48.8,3.8,2.9,St. Deusdedit , ( 615 Elected - 8 Nov 618 Died),7," Capua, Campania                 ", Italy             ,41.1005481,14.2165423
69,Boniface V,575,575 AD,,Nov 618,Nov 619,43.8,23 Dec 619,44.9,23 Oct 625,50.8,6.9,5.8,Bonifacio , (Nov 618 Elected - 23 Oct 625 Died),7,Napoli,Italy,40.8517746,14.2681244
70,Honorius I,585,585 AD,,Oct 625,Oct 626,40.7,27 Oct 625,40.8,12 Oct 638,53.7,13,12.9,Onorio , (Oct 625 Elected - 12 Oct 638 Died),7,Campania,Italy,41.1125078,14.8454619
71,Severinus,585,585 AD,,15 Oct 638,16 Oct 638,53.7,28 May 640,55.4,2 Aug 640,55.5,1.7,0.1,Severino , (15 Oct 638 Elected - 2 Aug 640 Died),7, Rome                            , Italy             ,41.8967068,12.4822025
72,John IV,587,587 AD,,Aug 640,Aug 641,53.5,24 Dec 640,53.9,12 Oct 642,55.7,2.1,1.8,Giovanni , (Aug 640 Elected - 12 Oct 642 Died),7,Zada ,Croatia,44.119371,15.2313648
73,Theodore I,610,610 AD,,12 Oct 642,13 Oct 642,32.7,24 Nov 642,32.8,14 May 649,39.3,6.5,6.4,Theodorus , (12 Oct 642 Elected - 14 May 649 Died),7,Jerusalem ,Israel,31.7768831,35.2224346
74,Martin I,590,590 AD,,649,649 AD,59,5 Jul 649,59.5,16 Sep 655,65.7,6.7,6.1,St. Martino , ( 649 Elected - 16 Sep 655 Died),7,Todi, Italy             ,42.7810961,12.4066357
75,Eugene I,615,615 AD,,,,,10 Aug 654,39.6,2 Jun 657,42.4,,2.8,St. Eugenio , (10 Aug 654 Ordained Bishop - 2 Jun 657 Died),7,Rome, Italy             ,41.8967068,12.4822025
76,Vitalian,600,600 AD,,May 657,May 658,57.3,30 Jul 657,57.5,27 Jan 672,72,14.7,14.4,St. Vitalian , (May 657 Elected - 27 Jan 672 Died),7," Segni, Lazio                    ", Italy             ,41.6912992,13.0224236
77,Adeodatus II,621,621 AD,,672,672 AD,51,11 Apr 672,51.2,16 Jun 676,55.4,4.4,4.1,"Adeodatus , O.S.B. ", ( 672 Elected - 16 Jun 676 Died),7, Rome                            , Italy             ,41.8967068,12.4822025
78,Donus,610,610 AD,,676,676 AD,66,2 Nov 676,66.8,11 Apr 678,68.2,2.2,1.4,Dono , ( 676 Elected - 11 Apr 678 Died),7,Rome, Italy             ,41.8967068,12.4822025
79,Agatho,577,577 AD,,,,,27 Jun 678,101.4,10 Jan 681,104,,2.5,St. Agatone , ( 678 Appointed - 10 Jan 681 Died),7," Palermo, Sicily                 ", Italy             ,38.1156864,13.3614635
80,Leo II,611,611 AD,,,,,17 Aug 682,71.6,3 Jul 683,72.5,,0.8,St. Leone , (Jan 681 Appointed - 3 Jul 683 Died),7,Sicilia           , Italy             ,37.3979297,14.6587821
81,Benedict II,635,635 AD,,,,,26 Jun 684,49.4,8 May 685,50.3,,0.8,St. Benedetto Savelli , (Jul 683 Appointed - 8 May 685 Died),7,Rome ,Italy,41.8967068,12.4822025
82,John V,635,635 AD,,,,,23 Jul 685,50.5,2 Aug 686,51.5,,1,Giovanni , ( 685 Appointed - 2 Aug 686 Died),7, Antioch                         ,Turkey,36.2042794,36.1618938
83,Conon,630,630 AD,,686,686 AD,56,23 Oct 686,56.8,21 Sep 687,57.7,1.7,0.9,Conone , ( 686 Elected - 21 Sep 687 Died),7,Tracia,Syria,34.802075,38.996815
84,Sergius I,650,650 AD,,687,687 AD,37,15 Dec 687,37.9,7 Sep 701,51.6,14.6,13.7,St. Sergio , ( 687 Elected - 7 Sep 701 Died),7," Palermo, Sicily                 ", Italy             ,38.1156864,13.3614635
85,John VI,650,650 AD,,,,,30 Oct 701,51.8,11 Jan 705,55,,3.1,Giovanni , (30 Oct 701 Ordained Bishop - 11 Jan 705 Died),8, Ephesus                         ,Turkey,37.9355433,27.3461091
86,John VII,655,655 AD,,,,,1 Mar 705,50.1,18 Oct 707,52.7,,2.6,Giovanni , (1 Mar 705 Ordained Bishop - 18 Oct 707 Died),8," Rossano, Calabria               ", Italy             ,39.5758997,16.6346518
87,Sisinius,650,650 AD,,Oct 707,Oct 707,57.7,15 Jan 708,58,4 Feb 708,58,0.3,0,Sisinnius , (Oct 707 Elected - 4 Feb 708 Died),8, Syria                           , Syria             ,34.802075,38.996815
88,Constantine,664,664 AD,,25 Mar 708,25 Mar 708,44.2,,,9 Apr 715,51.2,7,,Constantinus , (25 Mar 708 Elected - 9 Apr 715 Died),8, Syria                           , Syria             ,34.802075,38.996815
89,Gregory II,669,669 AD,,May 715,May 715,46.3,19 May 715,46.3,11 Feb 731,62.1,15.7,15.7,St. Gregorio , (May 715 Elected - 11 Feb 731 Died),8, Rome                            , Italy             ,41.8967068,12.4822025
90,Gregory III,669,669 AD,,Mar 731,Mar 731,62.1,18 Mar 731,62.2,28 Nov 741,72.9,10.7,10.6,St. Gregorio , (Mar 731 Elected - 28 Nov 741 Died),8, Syria                           , Syria             ,34.802075,38.996815
91,Zacharias,679,679 AD,,3 Dec 741,3 Dec 741,62.9,10 Dec 741,62.9,15 Mar 752,73.2,10.2,10.2,St. Zaccaria , (3 Dec 741 Elected - 15 Mar 752 Died),8, Santa Severina,Italy,39.146213,16.911262
92,Stephen II,714,714 AD,,29 May 752,29 May 752,38.4,,,26 Apr 757,43.3,4.9,,Stefano , (29 May 752 Elected - 26 Apr 757 Died),8, Rome                            , Italy             ,41.8967068,12.4822025
93,Paul,700,700 AD,,29 Apr 757,29 Apr 757,57.3,,,28 Jun 767,67.4,10.1,,St. Paolo , (29 Apr 757 Elected - 28 Jun 767 Died),8, Rome                            , Italy             ,41.8967068,12.4822025
94,Stephen III,720,720 AD,,1 Aug 768,1 Aug 768,48.5,7 Aug 768,48.5,24 Jan 772,52,3.4,3.4,Stefano , (1 Aug 768 Elected - 24 Jan 772 Died),8," Syracuse, Sicily                ", Italy             ,37.0754013,15.2867415
95,Hadrian I,unknown,unknown,,1 Feb 772,1 Feb 772,,9 Feb 772,,25 Dec 795,,23.8,23.8,Adriano , (1 Feb 772 Elected - 25 Dec 795 Died),8, Rome                            , Italy             ,41.8967068,12.4822025
96,Leo III,750,750 AD,,26 Dec 795,26 Dec 795,45.9,27 Dec 795,45.9,12 Jun 816,66.4,20.4,20.4,St. Leo , (26 Dec 795 Elected - 12 Jun 816 Died),8, Rome                            , Italy             ,41.8967068,12.4822025
97,Stephen IV,770,770 AD,,Jun 816,Jun 816,46.4,22 Jun 816,46.4,24 Jan 817,47,0.6,0.5,Stefano , (Jun 816 Elected - 24 Jan 817 Died),9, Rome                            , Italy             ,41.8967068,12.4822025
98,Paschal I,775,775 AD,,25 Jan 817,25 Jan 817,42,26 Jan 817,42,11 Feb 824,49.1,7,7,St. Pasquale , (25 Jan 817 Elected - 11 Feb 824 Died),9, Rome                            , Italy             ,41.8967068,12.4822025
99,Eugene II,780,780 AD,,8 May 824,8 May 824,44.3,6 Jun 824,44.4,27 Aug 827,47.6,3.3,3.2,Eugenio , (8 May 824 Elected - 27 Aug 827 Died),9, Rome                            , Italy             ,41.8967068,12.4822025
100,Valentine,780,780 AD,,31 Aug 827,31 Aug 827,47.6,,,10 Oct 827,47.7,0.1,,Valentino , (31 Aug 827 Elected - 10 Oct 827 Died),9, Rome                            , Italy             ,41.8967068,12.4822025
101,Gregory IV,790,790 AD,,20 Dec 827,20 Dec 827,37.9,29 Mar 828,38.2,25 Jan 844,54,16,15.8,"Gregorio , O.S.B. ", (20 Dec 827 Elected - 25 Jan 844 Died),9, Rome                            , Italy             ,41.8967068,12.4822025
102,Sergius II,790,790 AD,,25 Jan 844,25 Jan 844,54,,,27 Jan 847,57,3,,Sergius , (25 Jan 844 Elected - 27 Jan 847 Died),9, Rome                            , Italy             ,41.8967068,12.4822025
103,Leo IV,790,790 AD,,27 Jan 847,27 Jan 847,57,10 Apr 847,57.2,17 Jul 855,65.5,8.4,8.2,St. Leo , (27 Jan 847 Elected - 17 Jul 855 Died),9, Rome                            , Italy             ,41.8967068,12.4822025
104,Benedict III,810,810 AD,,26 Jul 855,26 Jul 855,45.5,29 Sep 855,45.7,7 Apr 858,48.2,2.6,2.5,Benedetto , (26 Jul 855 Elected - 7 Apr 858 Died),9, Rome                            , Italy             ,41.8967068,12.4822025
105,Nicholas I,800,800 AD,,Apr 858,Apr 858,58.2,24 Apr 858,58.3,13 Nov 867,67.8,9.6,9.5,St. Niccolò , (Apr 858 Elected - 13 Nov 867 Died),9, Rome                            , Italy             ,41.8967068,12.4822025
106,Hadrian II,792,792 AD,,13 Nov 867,13 Nov 867,75.8,14 Dec 867,75.9,14 Dec 872,80.9,5,5,Adriano , (13 Nov 867 Elected - 14 Dec 872 Died),9, Rome                            , Italy             ,41.8967068,12.4822025
107,John VIII,820,820 AD,,14 Dec 872,14 Dec 872,52.9,,,16 Dec 882,62.9,10,,Giovanni , (14 Dec 872 Elected - 16 Dec 882 Died),9, Rome                            , Italy             ,41.8967068,12.4822025
108,Marinus I,830,830 AD,,16 Dec 882,16 Dec 882,52.9,,,15 May 884,54.3,1.4,,Marino , (16 Dec 882 Elected - 15 May 884 Died),9," Gallese, Lazio                  ", Italy             ,42.3719494,12.4024138
109,Hadrian III,830,830 AD,,17 May 884,17 May 884,54.3,,,15 Sep 885,55.7,1.3,,St. Adriano , (17 May 884 Elected - 15 Sep 885 Died),9, Rome                            , Italy             ,41.8967068,12.4822025
110,Stephen V,840,840 AD,,14 Sep 885,14 Sep 885,45.7,,,4 Sep 891,51.6,5.9,,Stefano , (14 Sep 885 Elected - 4 Sep 891 Died),9, Rome                            , Italy             ,41.8967068,12.4822025
111,Formosus,816,816 AD,,6 Oct 891,6 Oct 891,75.7,,,4 Apr 896,80.2,4.4,,Formosus , (6 Oct 891 Elected - 4 Apr 896 Died),9," Ostia, Lazio                    ", Italy             ,41.7311182,12.2862694
112,Boniface VI,806,806 AD,,11 Apr 896,11 Apr 896,90.2,,,26 Apr 896,90.3,0,,Bonifacio , (11 Apr 896 Elected - 26 Apr 896 Died),9, Rome                            , Italy             ,41.8967068,12.4822025
113,Stephen VI,850,850 AD,,22 May 896,22 May 896,46.3,,,14 Aug 897,47.6,1.2,,Stefano , (22 May 896 Elected - 14 Aug 897 Died),9, Rome                            , Italy             ,41.8967068,12.4822025
114,Romanus,850,850 AD,,14 Aug 897,14 Aug 897,47.6,,,Nov 897,47.8,0.2,,Romano , (14 Aug 897 Elected - Nov 897 Died),9," Gallese, Lazio                  ", Italy             ,42.3719494,12.4024138
115,Theodore II,840,840 AD,,Dec 897,Dec 897,57.9,,,20 Dec 897,57.9,0,,Teodoro , (Dec 897 Elected - 20 Dec 897 Died),9, Rome                            , Italy             ,41.8967068,12.4822025
116,John IX,840,840 AD,,18 Jan 898,18 Jan 898,58,,,5 Jan 900,60,1.9,,"Giovanni , O.S.B. ", (18 Jan 898 Elected - 5 Jan 900 Died),9," Tivoli, Lazio                   ", Italy             ,41.9597095,12.8021341
117,Benedict IV,840,840 AD,,1 Feb 900,1 Feb 900,60,,,30 Jul 903,63.5,3.4,,Benedict , (1 Feb 900 Elected - 30 Jul 903 Died),10, Rome                            , Italy             ,41.8967068,12.4822025
118,Leo V,845,845 AD,,30 Jul 903,30 Jul 903,58.5,,,Dec 903,58.9,0.3,,Leo , (30 Jul 903 Elected - Dec 903 Died),10," Ardea, Lazio                    ", Italy             ,41.6069072,12.5107894
119,Sergius III,860,860 AD,,29 Jan 904,29 Jan 904,44,,,14 Apr 911,51.2,7.2,,Sergius , (29 Jan 904 Elected - 14 Apr 911 Died),10, Rome                            , Italy             ,41.8967068,12.4822025
120,Anastasius III,865,865 AD,,14 Apr 911,14 Apr 911,46.2,,,Jun 913,48.4,2.1,,Anastasio , (14 Apr 911 Elected - Jun 913 Died),10, Rome                            , Italy             ,41.8967068,12.4822025
121,Lando,865,865 AD,,7 Jul 913,7 Jul 913,48.5,,,5 Feb 914,49,0.5,,Lando , (7 Jul 913 Elected - 5 Feb 914 Died),10," Sabina, Lazio                   ", Italy             ,41.6186379,13.824162
122,John X,860,860 AD,,Mar 914,Mar 914,54.1,15 May 914,54.3,2 Jul 929,69.5,15.3,15.1,Giovanni , (Mar 914 Elected - 2 Jul 929 Died),10,Borgo Tossignano, Italy             ,44.2786963,11.589443
123,Leo VI,unknown,unknown,,Jun 928,Jun 928,,,,Dec 928,,0.5,,Leone , (Jun 928 Elected - Dec 928 Died),10, Rome                            , Italy             ,41.8967068,12.4822025
124,Stephen VII,unknown,unknown,,Jan 929,Jan 929,,,,Feb 931,,2,,Stefano , (Jan 929 Elected - Feb 931 Died),10, Rome                            , Italy             ,41.8967068,12.4822025
125,John XI,901,901 AD,,Mar 931,Mar 931,30.1,,,Jan 936,35,4.8,,Giovanni , (Mar 931 Elected - Jan 936 Died),10, Rome                            , Italy             ,41.8967068,12.4822025
126,Leo VII,unknown,unknown,,3 Jan 936,3 Jan 936,,,,13 Jul 939,,3.5,,Leone , (3 Jan 936 Elected - 13 Jul 939 Died),10, Rome                            , Italy             ,41.8967068,12.4822025
127,Stephen VIII,unknown,unknown,,14 Jul 939,14 Jul 939,,19 Jul 939,,Oct 942,,3.2,3.2,Stefano , (14 Jul 939 Elected - Oct 942 Died),10, Rome                            , Italy             ,41.8967068,12.4822025
128,Marinus II,unknown,unknown,,30 Oct 942,30 Oct 942,,11 Nov 942,,May 946,,3.5,3.4,Marino , (30 Oct 942 Elected - May 946 Died),10, Rome                            , Italy             ,41.8967068,12.4822025
129,Agapitus II,unknown,unknown,,946,946 AD,,10 May 946,,15 Dec 955,,9.9,9.5,Agapito , ( 946 Elected - 15 Dec 955 Died),10, Rome                            , Italy             ,41.8967068,12.4822025
130,John XII,937,937 AD,,16 Dec 955,16 Dec 955,18.9,,,14 May 964,27.3,8.4,,Ottaviano , (16 Dec 955 Elected - 6 Dec 963 Resigned),10, Rome                            , Italy             ,41.8967068,12.4822025
131,Leo VIII,915,915 AD,,4 Dec 963,4 Dec 963,48.9,,,1 Mar 965,50.1,1.2,,Leo , (4 Dec 963 Elected - Did Not Take Effect),10, Rome                            , Italy             ,41.8967068,12.4822025
132,Benedict V,915,915 AD,,22 May 964,22 May 964,49.3,,,4 Jul 966,51.5,2.1,,Benedict , (22 May 964 Elected - 23 Jun 964 Resigned),10, Rome                            , Italy             ,41.8967068,12.4822025
133,John XIII,unknown,unknown,,1 Oct 965,1 Oct 965,,,,6 Sep 972,,6.9,,Giovanni , (1 Oct 965 Elected - 6 Sep 972 Died),10, Rome                            , Italy             ,41.8967068,12.4822025
134,Benedict VI,unknown,unknown,,20 Dec 972,20 Dec 972,,19 Jan 973,,Jul 974,,1.5,1.4,Benedetto , (20 Dec 972 Elected - Jul 974 Died),10, Rome                            , Italy             ,41.8967068,12.4822025
135,Benedict VII,unknown,unknown,,Oct 974,Oct 974,,,,10 Jul 983,,8.7,,Benedetto , (Oct 974 Elected - 10 Jul 983 Died),10, Rome                            , Italy             ,41.8967068,12.4822025
136,John XIV,unknown,unknown,,Dec 983,Dec 983,,,,20 Aug 984,,0.7,,Pietro Canepanova , (Dec 983 Elected - 20 Aug 984 Died),10," Pavia, Lombardy                 ", Italy             ,45.1896589,9.1562563
137,John XV,unknown,unknown,,Aug 985,Aug 985,,Sep 985,,Mar 996,,10.5,10.5,Giovanni , (Aug 985 Elected - Mar 996 Died),10, Rome                            , Italy             ,41.8967068,12.4822025
138,Gregory V,970,970 AD,,,,,3 May 996,26.3,4 Feb 999,29,,2.7,Brun von Kärnten , (3 May 996 Ordained Bishop - 4 Feb 999 Died),10,Stainach,Austria,47.5334398,14.1086736
139,Sylvester II,945,945 AD,,28 Feb 999,28 Feb 999,54.1,2 Apr 999,54.2,12 May 1003,58.3,4.2,4.1,"Gerbert , O.S.B. ", (28 Feb 999 Elected - 12 May 1003 Died),10," Belliac, Auvergne               ", France            ,44.970891,2.502413
140,John XVII,unknown,unknown,,16 May 1003,16 May 1003,,13 Jun 1003,,6 Nov 1003,,0.4,0.3,Siccone , (16 May 1003 Elected - 6 Nov 1003 Died),11, Rome                            , Italy             ,41.8967068,12.4822025
141,John XVIII,unknown,unknown,,25 Dec 1003,25 Dec 1003,,25 Dec 1003,,Jun 1009,,5.4,5.4,Fasano , (25 Dec 1003 Elected - Jun 1009 Died),11, Rome                            , Italy             ,41.8967068,12.4822025
142,Sergius IV,970,970 AD,,31 Jul 1009,31 Jul 1009,39.5,Jul 1010,40.5,12 May 1012,42.3,2.7,1.8,"Pietro , O.S.B. ", (31 Jul 1009 Elected - 12 May 1012 Died),11, Rome                            , Italy             ,41.8967068,12.4822025
143,Benedict VIII,980,980 AD,,18 May 1012,18 May 1012,32.3,,,9 Apr 1024,44.2,11.8,,Teofilatto , (18 May 1012 Elected - 9 Apr 1024 Died),11, Rome                            , Italy             ,41.8967068,12.4822025
144,John XIX,975,975 AD,,19 Apr 1024,19 Apr 1024,49.2,Jul 1024,49.5,1032,57,7.7,7.5,Romano , (19 Apr 1024 Elected - 1032 Died),11, Rome                            , Italy             ,41.8967068,12.4822025
145,Benedict IX,1010,1010 AD,,1032,1032 AD,22,,,Sep 1044,34.6,12.6,,Teofilatto , ( 1032 Elected - Sep 1044 Removed),11, Rome                            , Italy             ,41.8967068,12.4822025
146,Sylvester III,1000,1000 AD,,13 Jan 1045,13 Jan 1045,45,,,10 Mar 1045,45.1,0.1,,Giovanni , (13 Jan 1045 Elected - 10 Mar 1045 Removed),11, Rome                            , Italy             ,41.8967068,12.4822025
147,Benedict IX,1010,1010 AD,,1032,1032 AD,0,,,Sep 1044,0,0,,Teofilatto , (10 Mar 1045 Elected - 1 May 1045 Resigned),11, Rome                            , Italy             ,41.8967068,12.4822025
148,Gregory VI,1000,1000 AD,,5 May 1045,5 May 1045,45.3,5 May 1045,45.3,23 Dec 1046,46.9,1.6,1.6,Giovanni Graziano , (5 May 1045 Elected - 23 Dec 1046 Removed),11, Rome                            , Italy             ,41.8967068,12.4822025
149,Clement II,1005,1005 AD,,24 Dec 1046,24 Dec 1046,41.9,25 Dec 1046,41.9,9 Oct 1047,42.7,0.7,0.7,Suitgar von Morsleben , (24 Dec 1046 Elected - 9 Oct 1047 Died),11," Hornburg, Saxony                ", Germany           ,52.0313955,10.6054241
150,Benedict IX,1010,1010 AD,,1032,1032 AD,0,,,Sep 1044,0,0,,Teofilatto , (Oct 1047 Elected - Jul 1048 Removed),11, Rome                            , Italy             ,41.8967068,12.4822025
151,Damasus II,1000,1000 AD,,17 Jul 1048,17 Jul 1048,48.5,,,9 Aug 1048,48.6,0,,Poppo , (17 Jul 1048 Elected - 9 Aug 1048 Died),11," Pildenau, Bavaria               ", Germany           ,48.3015091,13.127255
152,Leo IX,21 Jun 1002,22 Jun 1002,,12 Feb 1049,12 Feb 1049,46.6,,,19 Apr 1054,51.8,5.1,,St. Bruno Egisheim-Dagsburg , (12 Feb 1049 Elected - 19 Apr 1054 Died),11," Eguisheim, Alsace               ", France            ,48.0437851,7.306893
153,Victor II,1018,1018 AD,,Sep 1054,Sep 1054,36.6,13 Apr 1055,37.2,28 Jul 1057,39.5,2.9,2.2,Gebhard von Calw , (Sep 1054 Elected - 28 Jul 1057 Died),11, Swabia                          , Germany           ,48.3814671,10.7008406
154,Stephen IX (X),1020,1020 AD,,2 Aug 1057,2 Aug 1057,37.5,3 Aug 1057,37.5,29 Mar 1058,38.2,0.6,0.6,"Frédéric de Lorraine, O.S.B. ", (2 Aug 1057 Elected - 29 Mar 1058 Died),11, Lorraine                        , France            ,48.8744233,6.2080932
155,Nicholas II,980,980 AD,,6 Dec 1058,6 Dec 1058,78.9,24 Jan 1059,79,27 Jul 1061,81.5,2.6,2.5,Gérard de Bourgogne , (6 Dec 1058 Elected - 27 Jul 1061 Died),11," Château de Chevron, Savoy       ", France            ,45.4932045,6.4724
156,Alexander II,1018,1018 AD,,30 Sep 1061,30 Sep 1061,43.7,1 Oct 1061,43.7,21 Apr 1073,55.3,11.5,11.5,Anselmo da Baggio , (30 Sep 1061 Elected - 21 Apr 1073 Died),11, Milan                           , Italy             ,45.468503,9.1824027
157,Gregory VII,1020,1020 AD,,22 Apr 1073,22 Apr 1073,53.3,30 Jun 1073,53.4,25 May 1085,65.3,12,11.9,"Ildebrando , O.S.B. ", (22 Apr 1073 Elected - 25 May 1085 Died),11," Sovana, Tuscany                 ", Italy             ,42.6581356,11.6455585
158,Victor III,1026,1026 AD,,24 May 1086,24 May 1086,60.3,9 May 1087,61.3,16 Sep 1087,61.7,1.3,0.3,"Desiderio , O.S.B. ", (24 May 1086 Elected - 16 Sep 1087 Died),11," Benevento, Campania             ", Italy             ,41.1297194,14.7826577
159,Urban II,1035,1035 AD,,12 Mar 1088,12 Mar 1088,53.1,12 Mar 1088,53.1,29 Jul 1099,64.5,11.3,11.3,"Eudes de Lagery, O.S.B. ", (12 Mar 1088 Elected - 29 Jul 1099 Died),11," Châtillon-sur-Marne, Champagne  ", France            ,49.099271,3.757199
160,Paschal II,1050,1050 AD,,13 Aug 1099,13 Aug 1099,49.6,14 Aug 1099,49.6,21 Jan 1118,68,18.4,18.4,"Raniero , O.S.B. ", (13 Aug 1099 Elected - 21 Jan 1118 Died),11," Bleda, Emilia-Romagna           ", Italy             ,44.5967607,11.2186396
161,Gelasius II,1062,1062 AD,,24 Jan 1118,24 Jan 1118,56,10 Mar 1118,56.1,29 Jan 1119,57,1,0.8,"Giovanni da Gaeta, O.S.B. ", (24 Jan 1118 Elected - 29 Jan 1119 Died),12," Gaeta, Lazio                    ", Italy             ,41.2106842,13.5704358
162,Callistus II,unknown,unknown,,2 Feb 1119,2 Feb 1119,,9 Feb 1119,,13 Dec 1124,,5.8,5.8,Guy de Bourgogne , (2 Feb 1119 Elected - 13 Dec 1124 Died),12," Quingey, Franche-Comté          ", France            ,47.103127,5.883235
163,Honorius II,9 Feb 1060,10 Feb 1060,,15 Dec 1124,15 Dec 1124,64.8,21 Dec 1124,64.8,13 Feb 1130,70,5.1,5.1,"Lamberto Scannabecchi, C.R.L. ", (15 Dec 1124 Elected - 13 Feb 1130 Died),12," Fiagnano, Emilia-Romagna        ", Italy             ,44.3527903,11.5610424
164,Innocent II,1082,1082 AD,,14 Feb 1130,14 Feb 1130,48.1,23 Feb 1130,48.1,24 Sep 1143,61.7,13.6,13.5,Gregorio Papareschi , (14 Feb 1130 Elected - 24 Sep 1143 Died),12, Rome                            , Italy             ,41.8967068,12.4822025
165,Celestine II,1085,1085 AD,,26 Sep 1143,26 Sep 1143,58.7,3 Oct 1143,58.7,8 Mar 1144,59.1,0.4,0.4,Guido di Castello , (26 Sep 1143 Elected - 8 Mar 1144 Died),12," Città di Castello, Umbria       ", Italy             ,43.4641726,12.2400485
166,Lucius II,1095,1095 AD,,9 Mar 1144,9 Mar 1144,49.1,12 Mar 1144,49.1,15 Feb 1145,50.1,0.9,0.9,Gerardo Caccianemici Dell’Orso , (9 Mar 1144 Elected - 15 Feb 1145 Died),12, Bologna                         , Italy             ,44.494887,11.3426163
167,Eugene III,1085,1085 AD,,15 Feb 1145,15 Feb 1145,60.1,18 Feb 1145,60.1,8 Jul 1153,68.5,8.3,8.3,"Bl. Bernardo da Pisa, O. Cist. ", (15 Feb 1145 Elected - 8 Jul 1153 Died),12," Pisa, Tuscany                   ", Italy             ,43.7228385,10.4017581
168,Anastasius IV,1073,1073 AD,,8 Jul 1153,8 Jul 1153,80.5,12 Jul 1153,80.5,3 Dec 1154,81.9,1.4,1.3,"Corrado di Suburra, C.R.L. ", (8 Jul 1153 Elected - 3 Dec 1154 Died),12, Rome                            , Italy             ,41.8967068,12.4822025
169,Hadrian IV,1100,1100 AD,,4 Dec 1154,4 Dec 1154,54.9,5 Dec 1154,54.9,1 Sep 1159,59.6,4.7,4.7,Nicholas Breakspear , (4 Dec 1154 Elected - 1 Sep 1159 Died),12," Abbots Langley, Hertfordshire    ", England           ,51.707275,-0.4183259
170,Alexander III,1100,1100 AD,,7 Sep 1159,7 Sep 1159,59.6,20 Sep 1159,59.7,30 Aug 1181,81.6,21.9,21.9,"Rolando Bandinelli, C.R.L. ", (7 Sep 1159 Elected - 30 Aug 1181 Died),12," Siena, Tuscany                  ", Italy             ,43.3184741,11.3305812
171,Lucius III,1100,1100 AD,,1 Sep 1181,1 Sep 1181,81.6,6 Sep 1181,81.6,25 Nov 1185,85.8,4.2,4.2,"Ubaldo Allucingoli, O. Cist. ", (1 Sep 1181 Elected - 25 Nov 1185 Died),12," Lucca, Tuscany                  ", Italy             ,43.8430391,10.5156532
172,Urban III,1120,1120 AD,,25 Nov 1185,25 Nov 1185,65.8,1 Dec 1185,65.9,20 Oct 1187,67.8,1.9,1.8,Uberto Crivelli , (25 Nov 1185 Elected - 20 Oct 1187 Died),12,Cuggiono, Italy             ,45.5064121,8.8169041
173,Gregory VIII,1105,1105 AD,,21 Oct 1187,21 Oct 1187,82.8,25 Oct 1187,82.8,17 Dec 1187,82.9,0.1,0.1,Alberto de Morra , (21 Oct 1187 Elected - 17 Dec 1187 Died),12," Benevento, Campania             ", Italy             ,41.1297194,14.7826577
174,Clement III,1130,1130 AD,,19 Dec 1187,19 Dec 1187,57.9,7 Jan 1188,58,27 Mar 1191,61.2,3.2,3.2,Paolo Scolari , (19 Dec 1187 Elected - 27 Mar 1191 Died),12, Rome                            , Italy             ,41.8967068,12.4822025
175,Celestine III,1105,1105 AD,,10 Apr 1191,10 Apr 1191,86.2,14 Apr 1191,86.2,8 Jan 1198,93,6.7,6.7,Giacinto Bobone , (10 Apr 1191 Elected - 8 Jan 1198 Died),12, Rome                            , Italy             ,41.8967068,12.4822025
176,Innocent III,1160,1160 AD,,8 Jan 1198,8 Jan 1198,38,22 Feb 1198,38.1,16 Jul 1216,56.5,18.5,18.4,Lotario dei conti di Segni , (8 Jan 1198 Elected - 16 Jul 1216 Died),12," Gavignano, Lazio                ", Italy             ,41.7005399,13.0493361
177,Honorius III,1150,1150 AD,,18 Jul 1216,18 Jul 1216,66.5,24 Jul 1216,66.5,18 Mar 1227,77.2,10.6,10.6,Cencio , (18 Jul 1216 Elected - 18 Mar 1227 Died),13, Rome                            , Italy             ,41.8967068,12.4822025
178,Gregory IX,1170,1170 AD,,19 Mar 1227,19 Mar 1227,57.2,11 Apr 1227,57.2,22 Aug 1241,71.6,14.4,14.3,Ugolino dei conti di Segni , (19 Mar 1227 Elected - 22 Aug 1241 Died),13," Anagni, Lazio                   ", Italy             ,41.7452696,13.1513636
179,Celestine IV,1180,1180 AD,,25 Oct 1241,25 Oct 1241,61.8,,,10 Nov 1241,61.8,0,,Goffredo Castiglioni , (25 Oct 1241 Elected - 10 Nov 1241 Died),13, Milan                           , Italy             ,45.468503,9.1824027
180,Innocent IV,1195,1195 AD,,25 Jun 1243,25 Jun 1243,48.4,28 Jun 1243,48.4,7 Dec 1254,59.9,11.4,11.4,Sinibaldo Fieschi , (25 Jun 1243 Elected - 7 Dec 1254 Died),13, Genoa                           , Italy             ,44.4071448,8.9347381
181,Alexander IV,1185,1185 AD,,12 Dec 1254,12 Dec 1254,69.9,20 Dec 1254,69.9,25 May 1261,76.3,6.4,6.4,Rinaldo Conti di Segni , (12 Dec 1254 Elected - 25 May 1261 Died),13," Jenne, Lazio                    ", Italy             ,41.886985,13.1682886
182,Urban IV,1195,1195 AD,,29 Aug 1261,29 Aug 1261,66.6,,,2 Oct 1264,69.7,3,,Jacques Pantaléon , (29 Aug 1261 Elected - 2 Oct 1264 Died),13," Troyes, Champagne               ", France            ,48.2975056,4.0746921
183,Clement IV,23 Nov 1190,24 Nov 1190,,5 Feb 1265,5 Feb 1265,74.2,22 Feb 1265,74.2,29 Nov 1268,78,3.8,3.7,Gui Foucois , (5 Feb 1265 Elected - 29 Nov 1268 Died),13," Saint-Gilles, Languedoc         ", France            ,43.677079,4.433703
184,Gregory X,1210,1210 AD,,1 Sep 1271,1 Sep 1271,61.6,27 Mar 1272,62.2,10 Jan 1276,66,4.3,3.7,Bl. Tedaldo Visconti , (1 Sep 1271 Elected - 10 Jan 1276 Died),13," Piacenza, Emilia-Romagna        ", Italy             ,45.0526415,9.6936883
185,Innocent V,1224,1224 AD,,21 Jan 1276,21 Jan 1276,52,22 Feb 1276,52.1,22 Jun 1276,52.4,0.4,0.3,"Bl. Pierre de Tarentaise, O.P. ", (21 Jan 1276 Elected - 22 Jun 1276 Died),13," Champagny, Savoy                ", France            ,45.4547979,6.692988
186,Hadrian V,1210,1210 AD,,11 Jul 1276,11 Jul 1276,66.5,,,18 Aug 1276,66.6,0.1,,Ottobono Fieschi , (11 Jul 1276 Elected - 18 Aug 1276 Died),13, Genoa                           , Italy             ,44.4071448,8.9347381
187,John XXI,1210,1210 AD,,8 Sep 1276,8 Sep 1276,66.6,20 Sep 1276,66.7,20 May 1277,67.3,0.6,0.6,João Pedro Julião , (8 Sep 1276 Elected - 20 May 1277 Died),13, Lisbon                          , Portugal          ,38.7222524,-9.1393366
188,Nicholas III,1210,1210 AD,,25 Nov 1277,25 Nov 1277,67.8,Dec 1277,67.9,22 Aug 1280,70.6,2.7,2.7,Giovanni Gaetano Orsini , (25 Nov 1277 Elected - 22 Aug 1280 Died),13, Rome                            , Italy             ,41.8967068,12.4822025
189,Martin IV,1210,1210 AD,,22 Feb 1281,22 Feb 1281,71.1,23 Mar 1281,71.2,28 Mar 1285,75.2,4,4,Simon de Brion , (22 Feb 1281 Elected - 28 Mar 1285 Died),13," Montpensier, Auvergne           ", France            ,46.035754,3.219443
190,Honorius IV,1210,1210 AD,,2 Apr 1285,2 Apr 1285,75.2,20 May 1285,75.3,3 Apr 1287,77.2,2,1.8,Giacomo Savelli , (2 Apr 1285 Elected - 3 Apr 1287 Died),13, Rome                            , Italy             ,41.8967068,12.4822025
191,Nicholas IV,30 Sep 1227,31 Sep 1227,,22 Feb 1288,22 Feb 1288,60.3,25 Feb 1288,60.4,4 Apr 1292,64.5,4.1,4.1,"Girolamo Masci, O.F.M. ", (22 Feb 1288 Elected - 4 Apr 1292 Died),13," Lisciano, Marche                ", Italy             ,42.830306,13.6017271
192,Celestine V,1215,1215 AD,,7 Jul 1294,7 Jul 1294,79.5,29 Aug 1294,79.6,13 Dec 1294,79.9,0.4,0.2,"St. Pietro del Morrone (Angelerio), O.S.B. ", (7 Jul 1294 Elected - 13 Dec 1294 Resigned),13," Sant'Angelo Limosano, Molise    ", Italy             ,41.6926487,14.6040183
193,Boniface VIII,1230,1230 AD,,24 Dec 1294,24 Dec 1294,64.9,23 Jan 1295,65,11 Oct 1303,73.7,8.7,8.7,Benedetto Caetani , (24 Dec 1294 Elected - 11 Oct 1303 Died),13," Anagni, Lazio                   ", Italy             ,41.7452696,13.1513636
194,Benedict XI,1240,1240 AD,,22 Oct 1303,22 Oct 1303,63.8,27 Oct 1303,63.8,7 Jul 1304,64.5,0.7,0.6,"Bl. Niccolò Boccasini, O.P. ", (22 Oct 1303 Elected - 7 Jul 1304 Died),14," Treviso, Veneto                 ", Italy             ,45.6669338,12.2430608
195,Clement V,1264,1264 AD,,5 Jun 1305,5 Jun 1305,41.4,14 Nov 1305,41.8,20 Apr 1314,50.3,8.8,8.4,Bertrand de Got , (5 Jun 1305 Elected - 20 Apr 1314 Died),14," Villandraut, Gascony            ", France            ,44.457754,-0.373185
196,John XXII,1244,1244 AD,,7 Aug 1316,7 Aug 1316,72.5,5 Sep 1316,72.6,4 Dec 1334,90.9,18.3,18.2,Jacques d’Euse , (7 Aug 1316 Elected - 4 Dec 1334 Died),14," Cahors, Quercy                  ", France            ,44.396476,1.4652019
197,Benedict XII,1280,1280 AD,,20 Dec 1334,20 Dec 1334,54.9,8 Jan 1335,55,25 Apr 1342,62.3,7.3,7.2,"Jacques Fournier, O. Cist. ", (20 Dec 1334 Elected - 25 Apr 1342 Died),14," Saverdun, Ariège                ", France            ,43.2352605,1.5754413
198,Clement VI,1290,1290 AD,,7 May 1342,7 May 1342,52.3,19 May 1342,52.3,6 Dec 1352,62.9,10.5,10.5,"Pierre Roger, O.S.B. ", (7 May 1342 Elected - 6 Dec 1352 Died),14," Rosiers-d'Égletons, Limousin    ", France            ,45.406018,2.0463779
199,Innocent VI,1282,1282 AD,,18 Dec 1352,18 Dec 1352,70.9,30 Dec 1352,70.9,12 Sep 1362,80.6,9.7,9.7,Étienne Aubert , (18 Dec 1352 Elected - 12 Sep 1362 Died),14," Les Monts, Limousin             ", France            ,45.909138,1.16044
200,Urban V,1310,1310 AD,,28 Sep 1362,28 Sep 1362,52.7,6 Nov 1362,52.8,19 Dec 1370,60.9,8.2,8.1,"Bl. Guillaume Grimoard, O.S.B. ", (28 Sep 1362 Elected - 19 Dec 1370 Died),14," Grizac, Languedoc               ", France            ,44.342954,3.698378
201,Gregory XI,1329,1329 AD,,30 Dec 1370,30 Dec 1370,41.9,3 Jan 1371,42,27 Mar 1378,49.2,7.2,7.2,Pierre Roger de Beaufort , (30 Dec 1370 Elected - 27 Mar 1378 Died),14," Rosiers-d'Égletons, Limousin    ", France            ,45.406018,2.0463779
202,Urban VI,1318,1318 AD,,8 Apr 1378,8 Apr 1378,60.2,18 Apr 1378,60.2,15 Oct 1389,71.7,11.5,11.4,Bartolomeo Prignano , (8 Apr 1378 Elected - 15 Oct 1389 Died),14,Itri, Italy             ,41.2904429,13.5320111
203,Boniface IX,1350,1350 AD,,2 Nov 1389,2 Nov 1389,39.8,9 Nov 1389,39.8,1 Oct 1404,54.7,14.9,14.8,Pietro Tomacelli , (2 Nov 1389 Elected - 1 Oct 1404 Died),14, Naples                          , Italy             ,40.8517746,14.2681244
204,Innocent VII,1336,1336 AD,10 Oct 1404,17 Oct 1404,17 Oct 1404,68.7,11 Nov 1404,68.8,6 Nov 1406,70.8,2,1.9,Cosmato Gentile de’ Migliorati , (17 Oct 1404 Elected - 6 Nov 1406 Died),15," Sulmona, Abruzzo                ", Italy             ,42.0512604,13.9277644
205,Gregory XII,1327,1327 AD,18 Nov 1406,30 Nov 1406,30 Nov 1406,79.9,19 Dec 1406,79.9,4 Jul 1415,88.5,8.5,8.5,Angelo Correr {Corrario} , (30 Nov 1406 Elected - 4 Jul 1415 Resigned),15, Venice                          , Italy             ,45.440379,12.3159547
206,Martin V,1368,1368 AD,8 Nov 1417,11 Nov 1417,11 Nov 1417,49.8,21 Nov 1417,49.8,20 Feb 1431,63.1,13.2,13.2,Oddone Colonna , (11 Nov 1417 Elected - 20 Feb 1431 Died),15," Genazzano, Lazio                ", Italy             ,41.8289225,12.9727418
207,Eugene IV,1383 AD,1383 AD,2 Mar 1431,3 Mar 1431,3 Mar 1431,48.1,11 Mar 1431,48.1,23 Feb 1447,64.1,15.9,15.9,"Gabriele Condulmer, C.R.S.A. ", (3 Mar 1431 Elected - 23 Feb 1447 Died),15, Venice                          , Italy             ,45.440379,12.3159547
208,Nicholas V,15 Nov 1397,15 Nov 1397,4 Mar 1447,6 Mar 1447,6 Mar 1447,49.3,19 Mar 1447,49.3,24 Mar 1455,57.3,8,8,Tommaso Parentucelli , (6 Mar 1447 Elected - 24 Mar 1455 Died),15," Sarzana, Liguria                ", Italy             ,44.1131854,9.9596606
209,Callistus III,31 Dec 1378,31 Dec 1378,4 Apr 1455,8 Apr 1455,8 Apr 1455,76.2,20 Apr 1455,76.3,6 Aug 1458,79.5,3.3,3.2,Alfonso de Borja y Cabanilles , (8 Apr 1455 Elected - 6 Aug 1458 Died),15," Xàtiva, Valencia                ", Spain             ,39.4738338,-0.3756348
210,Pius II,18 Oct 1405,18 Oct 1405,16 Aug 1458,19 Aug 1458,19 Aug 1458,52.8,3 Sep 1458,52.8,14 Aug 1464,58.8,5.9,5.9,Enea Silvio Piccolomini , (19 Aug 1458 Elected - 14 Aug 1464 Died),15," Corsignano, Tuscany             ", Italy             ,43.3930023,11.3448787
211,Paul II,23 Feb 1417,23 Feb 1417,27 Aug 1464,30 Aug 1464,30 Aug 1464,47.5,16 Sep 1464,47.5,26 Jul 1471,54.4,6.9,6.8,Pietro Barbo , (30 Aug 1464 Elected - 26 Jul 1471 Died),15, Venice                          , Italy             ,45.440379,12.3159547
212,Sixtus IV,21 Jul 1414,21 Jul 1414,6 Aug 1471,9 Aug 1471,9 Aug 1471,57,25 Aug 1471,57,12 Aug 1484,70,13,12.9,"Francesco della Rovere, O.F.M. ", (9 Aug 1471 Elected - 12 Aug 1484 Died),15," Celle Ligure, Liguria           ", Italy             ,44.3425442,8.5450705
213,Innocent VIII,1432 AD,1432 AD,26 Aug 1484,29 Aug 1484,29 Aug 1484,52.6,12 Sep 1484,52.6,25 Jul 1492,60.5,7.9,7.8,Giovanni Battista Cibo , (29 Aug 1484 Elected - 25 Jul 1492 Died),15, Genoa                           , Italy             ,44.4071448,8.9347381
214,Alexander VI,1431 AD,1431 AD,6 Aug 1492,11 Aug 1492,11 Aug 1492,61.6,26 Aug 1492,61.6,18 Aug 1503,72.6,11,10.9,Rodrigo de Borja , (11 Aug 1492 Elected - 18 Aug 1503 Died),15," Xàtiva, Valencia                ", Spain             ,39.4738338,-0.3756348
215,Pius III,29 May 1439,29 May 1439,16 Sep 1503,22 Sep 1503,22 Sep 1503,64.3,8 Oct 1503,64.3,18 Oct 1503,64.3,0,0,Francesco Todeschini-Piccolomini , (22 Sep 1503 Elected - 18 Oct 1503 Died),16," Siena, Tuscany                  ", Italy             ,43.3184741,11.3305812
216,Julius II,5 Dec 1443,5 Dec 1443,31 Oct 1503,1 Nov 1503,1 Nov 1503,59.9,26 Nov 1503,59.9,21 Feb 1513,69.2,9.3,9.2,Giuliano della Rovere , (1 Nov 1503 Elected - 21 Feb 1513 Died),16," Albisola, Liguria               ", Italy             ,44.3362388,8.5099271
217,Leo X,11 Dec 1475,11 Dec 1475,4 Mar 1513,9 Mar 1513,9 Mar 1513,37.2,19 Mar 1513,37.2,1 Dec 1521,45.9,8.7,8.7,Giovanni de’ Medici , (9 Mar 1513 Elected - 1 Dec 1521 Died),16, Florence                        , Italy             ,43.7699685,11.2576706
218,Hadrian VI,2 Mar 1459,2 Mar 1459,27 Dec 1521,9 Jan 1522,9 Jan 1522,62.8,31 Aug 1522,63.4,14 Sep 1523,64.5,1.6,1,Adriaan Florenszoon Dedel , (9 Jan 1522 Elected - 14 Sep 1523 Died),16, Utrecht                         , Netherlands       ,52.0919255,5.1229572
219,Clement VII,26 May 1478,26 May 1478,1 Oct 1523,19 Nov 1523,19 Nov 1523,45.4,26 Nov 1523,45.5,25 Sep 1534,56.3,10.8,10.8,Giulio de’ Medici , (19 Nov 1523 Elected - 25 Sep 1534 Died),16, Florence                        , Italy             ,43.7699685,11.2576706
220,Paul III,29 Feb 1468,29 Feb 1468,11 Oct 1534,13 Oct 1534,13 Oct 1534,66.6,3 Nov 1534,66.6,10 Nov 1549,81.6,15,15,Alessandro Farnese , (13 Oct 1534 Elected - 10 Nov 1549 Died),16," Canino, Lazio                   ", Italy             ,42.4639563,11.7493871
221,Julius III,10 Sep 1487,10 Sep 1487,29 Nov 1549,7 Feb 1550,7 Feb 1550,62.4,22 Feb 1550,62.4,23 Mar 1555,67.5,5.1,5,Giovanni Maria Ciocchi del Monte , (7 Feb 1550 Elected - 23 Mar 1555 Died),16,Monte San Savino, Italy             ,43.3319727,11.724865
222,Marcellus II,6 May 1501,6 May 1501,5 Apr 1555,9 Apr 1555,9 Apr 1555,53.9,10 Apr 1555,53.9,1 May 1555,53.9,0,0,Marcello Cervini , (9 Apr 1555 Elected - 1 May 1555 Died),16," Montefano, Marche               ", Italy             ,43.4125546,13.4410498
223,Paul IV,28 Jun 1476,28 Jun 1476,15 May 1555,23 May 1555,23 May 1555,78.9,26 May 1555,78.9,18 Aug 1559,83.1,4.2,4.2,Gian Pietro Carafa , (23 May 1555 Elected - 18 Aug 1559 Died),16," Capriglia Irpina, Campania      ", Italy             ,40.9603752,14.7755346
224,Pius IV,31 Mar 1499,31 Mar 1499,5 Sep 1559,25 Dec 1559,25 Dec 1559,60.7,6 Jan 1560,60.7,9 Dec 1565,66.6,5.9,5.9,Giovanni Angelo de’ Medici , (25 Dec 1559 Elected - 9 Dec 1565 Died),16, Milan                           , Italy             ,45.468503,9.1824027
225,Pius V,17 Jan 1504,17 Jan 1504,20 Dec 1565,7 Jan 1566,7 Jan 1566,61.9,17 Jan 1566,62,1 May 1572,68.2,6.3,6.2,"St. Antonio (Michele) Ghislieri, O.P. ", (7 Jan 1566 Elected - 1 May 1572 Died),16," Bosco Marengo, Piedmont         ", Italy             ,44.822541,8.6786114
226,Gregory XIII,7 Jan 1502,7 Jan 1502,12 May 1572,13 May 1572,13 May 1572,70.3,25 May 1572,70.3,10 Apr 1585,83.2,12.9,12.8,Ugo Boncompagni , (13 May 1572 Elected - 10 Apr 1585 Died),16, Bologna                         , Italy             ,44.494887,11.3426163
227,Sixtus V,13 Dec 1521,13 Dec 1521,21 Apr 1585,24 Apr 1585,24 Apr 1585,63.3,1 May 1585,63.3,27 Aug 1590,68.7,5.3,5.3,"Felice Peretti Montalto, O.F.M. Conv. ", (24 Apr 1585 Elected - 27 Aug 1590 Died),16," Grottammare, Marche             ", Italy             ,42.9855911,13.868349
228,Urban VII,4 Aug 1521,4 Aug 1521,7 Sep 1590,15 Sep 1590,15 Sep 1590,69.1,,,27 Sep 1590,69.1,0,,Giovanni Battista Castagna , (15 Sep 1590 Elected - 27 Sep 1590 Died),16, Rome                            , Italy             ,41.8967068,12.4822025
229,Gregory XIV,11 Feb 1535,11 Feb 1535,8 Oct 1590,5 Dec 1590,5 Dec 1590,55.8,8 Dec 1590,55.8,16 Oct 1591,56.6,0.8,0.8,Niccolò Sfondrati , (5 Dec 1590 Elected - 16 Oct 1591 Died),16," Somma Lombardo, Lombardy        ", Italy             ,45.682787,8.7104888
230,Innocent IX,20 Jul 1519,20 Jul 1519,27 Oct 1591,29 Oct 1591,29 Oct 1591,72.2,3 Nov 1591,72.2,30 Dec 1591,72.4,0.1,0.1,Giovanni Antonio Facchinetti de Nuce , (29 Oct 1591 Elected - 30 Dec 1591 Died),16, Bologna                         , Italy             ,44.494887,11.3426163
231,Clement VIII,24 Feb 1536,24 Feb 1536,10 Jan 1592,30 Jan 1592,30 Jan 1592,55.9,9 Feb 1592,55.9,3 Mar 1605,69,13,13,Ippolito Aldobrandini (Sr.) , (30 Jan 1592 Elected - 3 Mar 1605 Died),16," Fano, Marche                    ", Italy             ,43.8424875,13.0136891
232,Leo XI,2 Jun 1535,2 Jun 1535,14 Mar 1605,1 Apr 1605,1 Apr 1605,69.8,10 Apr 1605,69.8,27 Apr 1605,69.9,0,0,Alessandro Ottaviano de’ Medici , (1 Apr 1605 Elected - 27 Apr 1605 Died),17, Florence                        , Italy             ,43.7699685,11.2576706
233,Paul V,17 Sep 1552,17 Sep 1552,8 May 1605,16 May 1605,16 May 1605,52.6,29 May 1605,52.6,28 Jan 1621,68.3,15.6,15.6,Camillo Borghese , (16 May 1605 Elected - 28 Jan 1621 Died),17, Rome                            , Italy             ,41.8967068,12.4822025
234,Gregory XV,9 Jan 1554,9 Jan 1554,8 Feb 1621,9 Feb 1621,9 Feb 1621,67,14 Feb 1621,67,8 Jul 1623,69.4,2.4,2.4,Alessandro Ludovisi , (9 Feb 1621 Elected - 8 Jul 1623 Died),17, Bologna                         , Italy             ,44.494887,11.3426163
235,Urban VIII,5 Apr 1568,5 Apr 1568,19 Jul 1623,6 Aug 1623,6 Aug 1623,55.3,29 Sep 1623,55.4,29 Jul 1644,76.3,20.9,20.8,Maffeo Barberini , (6 Aug 1623 Elected - 29 Jul 1644 Died),17, Florence                        , Italy             ,43.7699685,11.2576706
236,Innocent X,6 May 1574,6 May 1574,9 Aug 1644,15 Sep 1644,15 Sep 1644,70.3,4 Oct 1644,70.4,7 Jan 1655,80.6,10.3,10.2,Giovanni Battista Pamphilj , (15 Sep 1644 Elected - 7 Jan 1655 Died),17, Rome                            , Italy             ,41.8967068,12.4822025
237,Alexander VII,13 Feb 1599,13 Feb 1599,18 Jan 1655,7 Apr 1655,7 Apr 1655,56.1,18 Apr 1655,56.1,22 May 1667,68.2,12.1,12,Fabio Chigi , (7 Apr 1655 Elected - 22 May 1667 Died),17," Siena, Tuscany                  ", Italy             ,43.3184741,11.3305812
238,Clement IX,28 Jan 1600,28 Jan 1600,2 Jun 1667,20 Jun 1667,20 Jun 1667,67.3,26 Jun 1667,67.4,9 Dec 1669,69.8,2.4,2.4,Giulio Rospigliosi , (20 Jun 1667 Elected - 9 Dec 1669 Died),17," Pistoia, Tuscany                ", Italy             ,43.9298397,10.906814
239,Clement X,13 Jul 1590,13 Jul 1590,20 Dec 1669,29 Apr 1670,29 Apr 1670,79.7,11 May 1670,79.8,22 Jul 1676,86,6.2,6.1,Emilio Bonaventura Altieri , (29 Apr 1670 Elected - 22 Jul 1676 Died),17, Rome                            , Italy             ,41.8967068,12.4822025
240,Innocent XI,19 May 1611,19 May 1611,2 Aug 1676,21 Sep 1676,21 Sep 1676,65.3,4 Oct 1676,65.3,12 Aug 1689,78.2,12.8,12.8,Bl. Benedetto Odescalchi , (21 Sep 1676 Elected - 12 Aug 1689 Died),17," Como, Lombardy  ", Italy             ,45.8063817,9.0851867
241,Alexander VIII,22 Apr 1610,22 Apr 1610,23 Aug 1689,6 Oct 1689,6 Oct 1689,79.4,16 Oct 1689,79.4,1 Feb 1691,80.7,1.3,1.2,Pietro Vito Ottoboni , (6 Oct 1689 Elected - 1 Feb 1691 Died),17, Venice                          , Italy             ,45.440379,12.3159547
242,Innocent XII,13 Mar 1615,13 Mar 1615,12 Feb 1691,12 Jul 1691,12 Jul 1691,76.3,15 Jul 1691,76.3,27 Sep 1700,85.5,9.2,9.1,Antonio Pignatelli del Rastrello , (12 Jul 1691 Elected - 27 Sep 1700 Died),17," Spinazzola, Apulia              ", Italy             ,40.9684843,16.0895899
243,Clement XI,23 Jul 1649,23 Jul 1649,9 Oct 1700,23 Nov 1700,23 Nov 1700,51.3,8 Dec 1700,51.3,19 Mar 1721,71.6,20.3,20.2,Giovanni Francesco Albani , (23 Nov 1700 Elected - 19 Mar 1721 Died),18," Urbino, Marche                  ", Italy             ,43.726375,12.6362563
244,Innocent XIII,13 May 1655,13 May 1655,31 Mar 1721,8 May 1721,8 May 1721,65.9,18 May 1721,66,7 Mar 1724,68.8,2.8,2.8,Michelangelo dei Conti , (8 May 1721 Elected - 7 Mar 1724 Died),18," Gravina in Puglia, Apulia       ", Italy             ,40.8171205,16.4184341
245,Benedict XIII,2 Feb 1649,2 Feb 1649,20 Mar 1724,29 May 1724,29 May 1724,75.3,4 Jun 1724,75.3,21 Feb 1730,81,5.7,5.7,"Pietro Francesco (Vincenzo Maria) Orsini de Gravina, O.P. ", (29 May 1724 Elected - 21 Feb 1730 Died),18,Poli, Italy             ,41.8874392,12.895205
246,Clement XII,7 Apr 1652,7 Apr 1652,5 Mar 1730,12 Jul 1730,12 Jul 1730,78.2,16 Jul 1730,78.2,6 Feb 1740,87.8,9.5,9.5,Lorenzo Corsini , (12 Jul 1730 Elected - 6 Feb 1740 Died),18, Florence                        , Italy             ,43.7699685,11.2576706
247,Benedict XIV,31 Mar 1675,31 Mar 1675,18 Feb 1740,17 Aug 1740,17 Aug 1740,65.3,22 Aug 1740,65.3,3 May 1758,83,17.7,17.6,Prospero Lorenzo Lambertini , (17 Aug 1740 Elected - 3 May 1758 Died),18, Bologna                         , Italy             ,44.494887,11.3426163
248,Clement XIII,7 Mar 1693,7 Mar 1693,15 May 1758,6 Jul 1758,6 Jul 1758,65.3,16 Jul 1758,65.3,2 Feb 1769,75.9,10.5,10.5,Carlo della Torre Rezzonico , (6 Jul 1758 Elected - 2 Feb 1769 Died),18, Venice                          , Italy             ,45.440379,12.3159547
249,Clement XIV,31 Oct 1705,31 Oct 1705,15 Feb 1769,19 May 1769,19 May 1769,63.5,4 Jun 1769,63.5,22 Sep 1774,68.8,5.3,5.2,"Lorenzo (Giovanni Vincenzo Antonio) Ganganelli, O.F.M. Conv. ", (19 May 1769 Elected - 22 Sep 1774 Died),18," Santarcangelo di Romagna, Emilia-Romagna ", Italy             ,44.0637152,12.4525304
250,Pius VI,25 Dec 1717,25 Dec 1717,5 Oct 1774,15 Feb 1775,15 Feb 1775,57.1,22 Feb 1775,57.1,29 Aug 1799,81.6,24.5,24.5,Giovanni Angelico Braschi , (15 Feb 1775 Elected - 29 Aug 1799 Died),18," Cesena, Emilia-Romagna          ", Italy             ,44.1396438,12.2464292
251,Pius VII,14 Aug 1742,14 Aug 1742,1 Dec 1799,14 Mar 1800,14 Mar 1800,57.5,21 Mar 1800,57.6,20 Aug 1823,81,23.4,23.4,"Barnaba (Gregorio) Chiaramonti, O.S.B. ", (14 Mar 1800 Elected - 20 Aug 1823 Died),19," Cesena, Emilia-Romagna          ", Italy             ,44.1396438,12.2464292
252,Leo XII,2 Aug 1760,2 Aug 1760,2 Sep 1823,28 Sep 1823,28 Sep 1823,63.1,5 Oct 1823,63.1,10 Feb 1829,68.5,5.3,5.3,Annibale Francesco Clemente Melchiore Girolamo Nicola della Genga , (28 Sep 1823 Elected - 10 Feb 1829 Died),19," Genga, Marche                   ", Italy             ,43.430241,12.935313
253,Pius VIII,20 Nov 1761,20 Nov 1761,24 Feb 1829,31 Mar 1829,31 Mar 1829,67.3,5 Apr 1829,67.3,30 Nov 1830,69,1.6,1.6,Francesco Saverio Maria Felice Castiglioni , (31 Mar 1829 Elected - 30 Nov 1830 Died),19," Cingoli, Marche                 ", Italy             ,43.3770187,13.2134522
254,Gregory XVI,18 Sep 1765,18 Sep 1765,14 Dec 1830,2 Feb 1831,2 Feb 1831,65.3,6 Feb 1831,65.3,1 Jun 1846,80.7,15.3,15.3,"Bartolomeo Alberto (Mauro) Cappellari, O.S.B. ", (2 Feb 1831 Elected - 1 Jun 1846 Died),19," Belluno, Veneto                 ", Italy             ,46.1416375,12.2148261
255,Pius IX,13 May 1792,13 May 1792,14 Jun 1846,16 Jun 1846,16 Jun 1846,54,21 Jun 1846,54.1,7 Feb 1878,85.7,31.6,31.6,Bl. Giovanni Maria Mastai-Ferretti , (16 Jun 1846 Elected - 7 Feb 1878 Died),19," Senigallia, Marche              ", Italy             ,43.7197926,13.2152224
256,Leo XIII,2 Mar 1810,2 Mar 1810,18 Feb 1878,20 Feb 1878,20 Feb 1878,67.9,3 Mar 1878,68,20 Jul 1903,93.3,25.4,25.3,Vincenzo Gioacchino Raffaele Luigi Pecci , (20 Feb 1878 Elected - 20 Jul 1903 Died),19," Carpineto Romano, Lazio         ", Italy             ,41.6046918,13.0853108
257,Pius X,2 Jun 1835,2 Jun 1835,1308,4 Aug 1903,4 Aug 1903,68.1,9 Aug 1903,68.1,20 Aug 1914,79.2,11,11,St. Giuseppe Melchiorre Sarto , (4 Aug 1903 Elected - 20 Aug 1914 Died),20," Riese, Veneto                   ", Italy             ,45.7289954,11.9145706
258,Benedict XV,21 Nov 1854,21 Nov 1854,5357,3 Sep 1914,3 Sep 1914,59.7,6 Sep 1914,59.7,22 Jan 1922,67.1,7.3,7.3,Giacomo Giambattista della Chiesa , (3 Sep 1914 Elected - 22 Jan 1922 Died),20,Pegli, Italy             ,44.4285278,8.8114707
259,Pius XI,31 May 1857,31 May 1857,8069,6 Feb 1922,6 Feb 1922,64.6,12 Feb 1922,64.6,10 Feb 1939,81.6,17,16.9,Ambrogio Damiano Achille Ratti , (6 Feb 1922 Elected - 10 Feb 1939 Died),20," Desio, Lombardy                 ", Italy             ,45.6172669,9.2072379
260,Pius XII,2 Mar 1876,2 Mar 1876,14305,2 Mar 1939,2 Mar 1939,63,12 Mar 1939,63,9 Oct 1958,82.6,19.6,19.5,Eugenio Maria Giuseppe Giovanni Pacelli , (2 Mar 1939 Elected - 9 Oct 1958 Died),20, Rome                            , Italy             ,41.8967068,12.4822025
261,John XXIII,25 Nov 1881,25 Nov 1881,21483,28 Oct 1958,28 Oct 1958,76.9,4 Nov 1958,76.9,3 Jun 1963,81.5,4.5,4.5,St. Angelo Giuseppe Roncalli , (28 Oct 1958 Elected - 3 Jun 1963 Died),20," Sotto il Monte, Bergamo         ", Italy             ,45.7052301,9.4984371
262,Paul VI,26 Sep 1897,26 Sep 1897,23181,21 Jun 1963,21 Jun 1963,65.7,30 Jun 1963,65.7,6 Aug 1978,80.8,15.1,15.1,St. Giovanni Battista Enrico Antonio Maria Montini , (21 Jun 1963 Elected - 6 Aug 1978 Died),20," Concesio, Brescia               ", Italy             ,45.5998855,10.2227274
263,John Paul I,17 Oct 1912,17 Oct 1912,28727,26 Aug 1978,26 Aug 1978,65.8,3 Sep 1978,65.8,28 Sep 1978,65.9,0,0,Bl. Albino Luciani , (26 Aug 1978 Elected - 28 Sep 1978 Died),20," Canale d'Agordo, Veneto         ", Italy             ,46.3591233,11.914404
264,John Paul II,18 May 1920,18 May 1920,28777,16 Oct 1978,16 Oct 1978,58.4,22 Oct 1978,58.4,2 Apr 2005,84.8,26.4,26.4,St. Karol Józef Wojtyła , (16 Oct 1978 Elected - 2 Apr 2005 Died),20, Wadowice                        , Poland            ,49.8827856,19.4939579
265,Benedict XVI,16 Apr 1927,16 Apr 1927,38460,19 Apr 2005,19 Apr 2005,78,24 Apr 2005,78,28 Feb 2013,85.8,7.8,7.8,Joseph Ratzinger , (19 Apr 2005 Elected - 28 Feb 2013 Resigned),21," Marktl, Bavaria                 ", Germany           ,48.2533604,12.8437583
266,Francis,17 Dec 1936,17 Dec 1936,41345,13 Mar 2013,13 Mar 2013,76.2,19 Mar 2013,76.2,21 Apr 2025,88.4,11.99,11.98,"Jorge Mario Bergoglio, S.J. ",(13 Mar 2013 Elected - 21 Apr 2025),21, Buenos Aires                    , Argentina         ,-34.6036739,-58.3821215
267,Leo XIV,14/09/1955,14/09/1955,45784,45785,08/05/2025,69.6,18-May-25,69.6,,,,,"Robert Francis Prevost, O.S.A",(8 May 2025 Elected - Present),21," Chicago, Illinois               ", United States     ,41.8781136,-87.6297982
